Title,Author,Editions
The 48 Laws of Power,by Robert Greene,26 editions
It Ends With Us,by Colleen Hoover,28 editions
Um casamento arranjado,by Zana kheiron,1 edition
"Rich Dad, Poor Dad","by Robert T. Kiyosaki, Sharon L. Lechter, and Tim Wheeler",62 editions
A Court of Mist and Fury,by Sarah J. Maas,26 editions
Harry Potter and the Philosopher's Stone,by J. K. Rowling and J K Rowling,315 editions
It Starts with Us,by Colleen Hoover,16 editions
Twisted 1. Twisted Love,by Ana Huang,2 editions
A Game of Thrones,by George R. R. Martin,87 editions
Icebreaker,by Hannah Grace,3 editions
Shatter Me,by Tahereh Mafi,13 editions
The Subtle Art of Not Giving a F*ck,by Mark Manson,37 editions
The Psychology of Money,by Morgan Housel,6 editions
The Love Hypothesis,by Ali Hazelwood,7 editions
Latidos Que No Dije,by Roos,2 editions
"Red, White & Royal Blue","by Casey McQuiston, Ramon De Ocampo, and Casey McQuinston",14 editions
Think and grow rich,by Napoleon Hill,124 editions
A Gentle Reminder,by Bianca Sparacino,3 editions
Harry Potter and the Deathly Hallows,by J. K. Rowling,115 editions
Fifty Shades of Grey,"by E. L. James, E L James, and E.l. James",73 editions
Atomic Habits,by Marck,1 edition
The Cruel Prince,by Holly Black and Caitlin Kelly,13 editions
Harry Potter and the Prisoner of Azkaban,by J. K. Rowling,206 editions
Ugly Love,by Colleen Hoover,10 editions
The Art of Seduction,by Robert Greene,6 editions
Women Who Love Too Much,by Robin Norwood,27 editions
How to Win Friends and Influence People,by Dale Carnegie,92 editions
Wonder,by R. J. Palacio,54 editions
The Laws of Human Nature,by Robert Greene,5 editions
O Alquimista,by Paulo Coelho,110 editions
"Thinking, fast and slow",by Daniel Kahneman,26 editions
Hàbits atòmics,by James Clear and Àlex Guàrdia i Berdiell,2 editions
In Cold Blood,by Truman Capote,87 editions
Girl In pieces: a Novel,by Kathleen Glasgow,2 editions
The Power of your sub-conscious mind,by Joseph MURPHY,1 edition
Atomic Habits,by James Clear,31 editions
The Wrong Bride,by Catharina Maura,2 editions
The Song of Achilles,by Madeline Miller,26 editions
Romeo and Juliet,by William Shakespeare,971 editions
Milk and Honey,by Rupi Kaur,10 editions
Milk and Honey,by Rupi Kaur,10 editions
Harry Potter and the Order of the Phoenix,by J. K. Rowling,160 editions
It,by Stephen King,69 editions
King of Wrath,by Ana Huang,4 editions
I'm Glad My Mom Died,by Jennette McCurdy,5 editions
Workbook for the Mountain Is You,by Smart Reads,1 edition
Harry Potter and the Goblet of Fire,by J. K. Rowling,184 editions
No longer human,by Osamu Dazai and Junji Ito,15 editions
Shatter Me Complete Collection,by Tahereh Mafi,2 editions
Twilight,by Stephenie Meyer,103 editions
Unravel me,by Tahereh Mafi,7 editions
Twisted Love,by Ana Huang,8 editions
Push,by Sapphire and Tayari Jones,17 editions
Las 48 leyes del poder,by Robert Greene,3 editions
The Lightning Thief,by Rick Riordan,75 editions
Twisted Lies,by Ana Huang,5 editions
Twisted Hate,by Ana Huang,4 editions
Harry Potter and the Chamber of Secrets,by J. K. Rowling,235 editions
último Recuerdo Que Dejó Tu Muerte,by Darling Salas,1 edition
The Intelligent Investor,"by Graham, Benjamin;Zweig, Jason",1 edition
Harry Potter and the Chamber of Secrets,by J. K. Rowling,235 editions
Twisted Lies,by Ana Huang,5 editions
Push,by Sapphire and Tayari Jones,17 editions
No longer human,by Osamu Dazai and Junji Ito,15 editions
Unravel me,by Tahereh Mafi,7 editions
Harry Potter and the Half-Blood Prince,by J. K. Rowling,122 editions
The Hobbit,by J.R.R. Tolkien,335 editions
The Seven Husbands of Evelyn Hugo,by Taylor Jenkins Reid,15 editions
De sangre y cenizas,by JENNIFER ARMENTROUT and Guiomar Manso de Zuñiga Spottorno,1 edition
To All the Boys I've Loved Before,by Jenny Han,22 editions
Twisted 2. Twisted Games,by Ana Huang and Julia V. Sánchez,2 editions
The Silent Patient,by Alex Michaelides,17 editions
Hábitos atómicos,Unknown author,1 edition
Ender's Game,by Orson Scott Card,92 editions
1001 multiple choice questions and answers in surgery,by A. J. Harding Rains,5 editions
PADRE RICO PADRE POBRE,by Robert T. Kiyosaki,1 edition
To Kill a Mockingbird,by Harper Lee,136 editions
Atomic Habits : How to Build Good Habits and Break Bad Ones,by Wood KAYLA,1 edition
"Good Girl, Bad Blood",by Holly Jackson,7 editions
The Summer I Turned Pretty Trilogy,by Jenny Han,5 editions
To Kill a Mockingbird,by Harper Lee,136 editions
The Seven Husbands of Evelyn Hugo,by Taylor Jenkins Reid,15 editions
Diary of a Wimpy Kid,by Jeff Kinney,55 editions
A Good Girl's Guide to Murder,by Holly Jackson,21 editions
King of Pride,by Ana Huang,2 editions
三体,by 刘慈欣,33 editions
As Armas da Persuasao,by _,1 edition
The Power of Your Subconscious Mind,by Joseph Murphy,57 editions
Meditations,by Marcus Aurelius,364 editions
Lolita,by Vladimir Nabokov,133 editions
Sigue mi voz,by Ariana Godoy,1 edition
Silent Vows,by Jill Ramsower,8 editions
Como convencer alguém em 90 segundos (Portuguese Edition),by Nicholas Boothman,1 edition
Pet Sematary,by Stephen King,69 editions
Cantik Itu Luka,by Eka Kurniawan,1 edition
The A.B.C. Murders,by Agatha Christie,120 editions
How to Invent Everything,by Ryan North,1 edition
Credence,by Penelope Douglas,2 editions
Throne of Glass,by Sarah J. Maas,22 editions
The 7 Habits of Highly Effective People,by Stephen R. Covey and Sean Covey,74 editions
